notes to check variants,exon/intron,# patients in Citizen Health,order,Chromosomal loc. ,variant type,SYNGAP1 variant,predicted protein,mosaic          #/tl (patients),disease model,SGM prediction,biorepository,mouse line,iPSC line,SEX,LAB,ID number,2nd line ,SEX,LAB,ID number,3rd line ,SEX,LAB,ID number,4th line ,SEX,LAB,ID number,EpiMVP variant,Rarebase Nortriptyline,Courntey assays,Publication
,1-19,1,0,,extra copy,GAIN,Entire coding,,gain/dk,,,,Patient,F,COMBINEDBrain,4YEZY3EX,,,,,,,,,,,,,,,,
,1,1,28,,missense VUS,c.28C>T,p.Arg10Trp,,dk,,,,,,,,,,,,,,,,,,,,,,,
,intron 2/3,1,190,,intronic,c.190-15_206delins28,,,haplo,,,,,,,,,,,,,,,,,,,,,,,
,intron 2/3,3,190,,intronic,c.190-2A>G,,,haplo,,"Yes, (2/3)",,,,,,,,,,,,,,,,,,,,,
,2,1,250,,missense VUS,c.250C>G,p.Arg84Gly,,dk,,,,,,,,,,,,,,,,,,,,,,,
,4,6,333,,frameshift,c.333del,p.K114Sfs*20,,haplo,,,,Patient,F,Simons SFARI,SFARI Base,Patient,F,Coba Lab,MPC-ZNI-002,,,,,,,,,,,,
,4,1,385,,frameshift,c.384dupC,p.Ser129Leufs*23,,haplo,,,,Patient,M,Coba Lab,MPC-ZNI-006,Patient,M,Coba Lab,MPC-ZNI-007,,,,,,,,,,,,
,intron 4/5,1,388,,intronic,c.388-3C>G,,,haplo,,yes,,,,,,,,,,,,,,,,,,,,,
,5,1,388,,nonsense,c.388C>T,p.Gln130*,,haplo,,,,,,,,,,,,,,,,,,,,,,,
,5,3,403,,nonsense,c.403C>T,p.Arg135*,,haplo,,,,,,,,,,,,,,,,,,,,,,,
,5,1,404,,frameshift,c.404_411delGACGGCTAinsT,p.Arg135Leufs*37,,haplo,,yes,,,,,,,,,,,,,,,,,,,,,
,5,1,410,,frameshift,c.410delT,p.Leu137Glnfs*37,,haplo,,,,,,,,,,,,,,,,,,,,,,,
,5,1,411,,frameshift,c.411_418delAAAAAGCT,p.Lys138Hisfs*11,,haplo,,,,,,,,,,,,,,,,,,,,,,,
,5,1,427,,frameshift,c.397_427dup31,p.Arg143Profs*19,,haplo,,,,,,,,,,,,,,,,,,,,,,,
,5,3,427,,nonsense,c.427C>T,p.R143X,,haplo,,,,Patient,F,Charity Berlin,Unknown,,,,,,,,,,,,,,,,
,5,1,447,,frameshift,c.434_447dup14,p.Leu150Serfs*29,,haplo,,,,,,,,,,,,,,,,,,,,,,,
coba lab/not citizen,5,0,435,,frameshift,c.435-447dup,p.L150Vfs*6,,haplo,,,,Patient,,Petrou Lab,Unknown,,,,,,,,,,,,,,,,
,5,1,484,,missense,c.484C>T,p.Arg162Cys,,dk,,yes,,Patient,F,COMBINEDBrain,83BD3SJ2,,,,,,,,,,,,,,,,
,5,8,490,,nonsense,c.490C>T,p.R164X,mosaic (2/5),haplo,,"yes, (4/8)",,Patient,F,COMBINEDBrain,YHTVAA3V ,Patient,M,Coba Lab,MPC-ZNI-008,,,,,,,,,,,,
,3,1,495,,Gain Exon 3,Gain (Exon 3),,,haplo/dk,,,,,,,,,,,,,,,,,,,,,,,
,6,1,535,,frameshift,c.535delG,p.Glu179Serfs*9,,haplo,,,,,,,,,,,,,,,,,,,,,,,
,6,1,567,,frameshift,c.557_567dup,p.Ser190Cysfs*2,,haplo,,yes,,,,,,,,,,,,,,,,,,,,,
,6,1,654,,frameshift,c.654_655del,p.Phe218Leufs*3,,haplo,,,,,,,,,,,,,,,,,,,,,,,
,end of 6?,1,662,,missense,c.662A>T,p.Glu221Val,,dk,VUS,,,Patient,F,Rarebase,RB-FM45-PT3,Control - Mother,F,Rarebase,RB-FM45-PT1,,,,,,,,,,,,
coba lab/not citizen,7,0,668,,Missense,c.968T>G,p.L323R,,dk,pathogenic,,,Patient,M,Neuhaus Lab,Unknown,,,,,,,,,,,,,,,,
,7,1,673,,frameshift,c.673delT,p.Ser225Hisfs*26,,haplo,,,,,,,,,,,,,,,,,,,,,,,
coba lab/not citizen,7,0,691,,frameshift,c.690dup,p.F231Lfs*14,,haplo,,,,Patient,,Petrou Lab,Unknown,,,,,,,,,,,,,,,,
,7,1,699,,frameshift,c.698_699dupGT,p.Arg234Valfs*18,,haplo,,,,,,,,,,,,,,,,,,,,,,,
,7,1,708,,frameshift,c.704_707delinsTTTT,p.Ser235_Ala236delinsPheLeu,,haplo,,,,,,,,,,,,,,,,,,,,,,,
,7,1,745,,frameshift,c.745del,p.Ala249Glnfs*2,,haplo,,,,,,,,,,,,,,,,,,,,,,,
,intron 7/8,1,762,,intronic,c.762+1G>T,,,haplo,,,,,,,,,,,,,,,,,,,,,,,
,8,1,768,,frameshift,c.768_770delCAGinsAA,p.Asn256Lysfs*5,,haplo,,,,,,,,,,,,,,,,,,,,,,,
,8,1,781,,frameshift,c.781_784delGACA,p.Asp261Metfs*3,,haplo,,,,,,,,,,,,,,,,,,,,,,,
,8,1,812,,missense,c.812C>A,p.Ala271Asp,,dk,pathogenic,,,,,,,,,,,,,,,,,,,,,,
,8,1,828,,frameshift,c.828dup,p.Lys277Glnfs*7,,haplo,,,,,,,,,,,,,,,,,,,,,,,
,8,1,838,,frameshift,c.838dup,p.Tyr280Leufs*4,,haplo,,,,,,,,,,,,,,,,,,,,,,,
,8,1,843,,nonsense,c.843C>A,p.Tyr281*,,haplo,,,,,,,,,,,,,,,,,,,,,,,
,8,1,851,,missense,c.851T>C,p.Leu284Pro,,dk,,,,,,,,,,,,,,,,,,,,,,,
,8,1,857,,frameshift,c.857_864dupTGGATGAC,p.Met289Trpfs*61,,haplo,,,,,,,,,,,,,,,,,,,,,,,
Coba lab/not citizen,8,0,859,,Missense,c.859G>T,p.D287Y,,dk,pathogenic,yes,,Patient,F,COMBINEDBrain,SSWBG7W8,,,,,,,,,,,,,,,,
,8,1,878,,frameshift,c.878delG,p.Arg293Profs*54,,haplo,,,,,,,,,,,,,,,,,,,,,,,
,8,2,883,,frameshift,c.883_884delAC,p.Thr295Leufs*20,,haplo,,,,,,,,,,,,,,,,,,,,,,,
,8,1,922,,nonsense,c.922C>T,p.Arg922*,,haplo,,,,,,,,,,,,,,,,,,,,,,,
,8,1,937,,nonsense,c.937G>T,p.Glu313*,,haplo,,,,,,,,,,,,,,,,,,,,,,,
,8,1,949,,frameshift,c.949delC,p.Leu317Cysfs*30,,haplo,,yes,,,,,,,,,,,,,,,,,,,,,
,8,1,968,,missense,c.968T>A,p.Leu323Gln,,dk,,,,,,,,,,,,,,,,,,,,,,,
,8,1,971,,missense VUS,c.971G>C,p.Arg324Pro,,dk,,,,,,,,,,,,,,,,,,,,,,,
,8,1,980,,missense,c.980T>C,p.Leu327Pro,,dk,pathogenic,yes,,,,,,,,,,,,,,,,,,,,,
,8,1,984,,nonsense,c.984C>G,p.Tyr328*,,haplo,,,,Patient,?,Simons SFARI,SFARI Base,,,,,,,,,,,,,,,,
,8,1,1022,,frameshift,c.1022_1030delinsTA,p.Gly341Valfs*4,,haplo,,yes,,,,,,,,,,,,,,,,,,,,,
,8,1,1030,,missense,c.1030G>A,p.G344S,,dk,pathogenic,,,Patient,M,Simons SFARI,SFARI Base,Control - Father,M DAD c.1030G>A,Rarebase,RB-FM74-PT2,,,,,,,,,,,,
,8,1,1057,,frameshift,c.1057_1072del,p.Leu353Serfs*8,,haplo,,,,,,,,,,,,,,,,,,,,,,,
,8,1,1084,,missense,c.1084T>C,p.Trp362Arg,,dk,pathogenic,,,,,,,,,,,,,,,,,,,,,,
,8,1,1089,,nonsense,c.1089C>A,p.Tyr363*,,haplo,,,,,,,,,,,,,,,,,,,,,,,
,8,1,1127,,frameshift,c.1127del,p.Gly376Alafs*27,,haplo,,,,,,,,,,,,,,,,,,,,,,,
,8,1,1139,,frameshift,c.1139del,p.Gly380Glufs*23,,haplo,,,,,,,,,,,,,,,,,,,,,,,
,8,1,1142,,frameshift,c.1142_1143insT,p.Gly383Argfs*36,,haplo,,,,,,,,,,,,,,,,,,,,,,,
,8,1,1154,,frameshift,c.1154_1161del,p.Ser385fs,,haplo,,,,,,,,,,,,,,,,,,,,,,,
,8,1,1166,,nonsense,c.1166C>A,p.Ser389*,,haplo,,yes,,,,,,,,,,,,,,,,,,,,,
check citizen,8,2,1167,,frameshift,c.1167_1168delAG,p.Gly391Glnfs*27,,haplo,,yes,,,,,,,,,,,,,,,,,,,,,
check citizen,8,2,1167,,frameshift,c.1167delA,p.Gly391Alafs*12,,haplo,,yes,,Patient,?,Simons SFARI,SFARI Base,Patient,F,Coba Lab,MPC-ZNI-005,,,,,,,,,,,,
,8,1,1284,,nonsense,c.1284T>A,p.Y428X,mosaic (1/1),haplo,,yes,,Patient,F,COMBINEDBrain,NAZAX546,Control - Mother (Mosaic),F,COMBINEDBrain,,Patient,,Cornell,Unknown,,,,,,,,
,8,1,1292,,frameshift,c.1292del,p.Leu431Argfs*9,,haplo,,,,,,,,,,,,,,,,,,,,,,,
,8,1,1292,,missense,c.1292T>C,p.L431P,,dk,pathogenic,,,Patient,F,Rarebase,RB-FM41-PT3,Control - Sibling,F,Rarebase,RB-FM41-PT4,,,,,,,,,,,,
,8,1,1329,,frameshift,c.1329_1333delCAAGG,p.Lys444Glyfs*27,,haplo,,yes,,,,,,,,,,,,,,,,,,,,,
,9,1,1394,,missense,c.1394T>C,p.Leu465Pro,,dk,pathogenic,,,,,,,,,,,,,,,,,,,,,,
,9,1,1403,,missense,c.1403T>A,p.Met468Lys,,dk,pathogenic,,,,,,,,,,,,,,,,,,,,,,
,9,1,1441,,frameshift,c.1441_1444dup,p.Leu482Profs*12,,haplo,,,,,,,,,,,,,,,,,,,,,,,
,9,1,1463,,frameshift,c.1463delC,p.Thr488fs,,haplo,,,,,,,,,,,,,,,,,,,,,,,
,9,1,1507,,nonsense,c.1507C>T,p.Q503X,,haplo,,yes,JAX SRF,Patient,M,Coba Lab,MPC-ZNI-001,,,,,,,,,,,,,,,,
,intron 9/10,1,1532,,intronic,c.1532-1G>C,,,haplo,,,,,,,,,,,,,,,,,,,,,,,
Coba lab/not citizen,10,0,1630,,nonsense,c.1630C>T,p.Arg544Ter,,haplo,,yes,,Patient,M,Coba Lab,MPC-ZNI-012,,,,,,,,,,,,,,,,
,intron 10/11,1,1676,,intronic,c.1676+1G>T,,,haplo,,yes,,,,,,,,,,,,,,,,,,,,,
,11,1,1685,,frameshift,c.1685dupC,p.Arg563Glufs*55,,haplo,,,,,,,,,,,,,,,,,,,,,,,
,11,1,1685,,missense,c.1685C>T,p.Pro562Leu,,dk,pathogenic,,,,,,,,,,,,,,,,,,,,,,
,11,1,1706,,missense,c.1706T>C,p.Phe569Ser,,dk,pathogenic,,,,,,,,,,,,,,,,,,,,,,
,11,1,1714,,missense,c.1714T>C,p.Trp572Arg,,dk,,yes,,,,,,,,,,,,,,,,,,,,,
,11,1,1715,,missense VUS,c.1715G>C,p.Trp572Ser,,dk,pathogenic,,,,,,,,,,,,,,,,,,,,,,
,11,1,1735,,nonsense,c.1735C>T,p.R579X,,haplo,,yes,,Patient,M,Rarebase,RB-FM42-PT3,Control - Father,M,Rarebase,RB-FM42-PT2,Patient,M,Coba Lab,MPC-ZNI-009,,,,,,,,
,11,1,1744,,frameshift,c.1744del,p.Glu582Argfs*68,,haplo,,,,,,,,,,,,,,,,,,,,,,,
,11,1,1744,,nonsense,c.1744G>T,p.Glu582*,,haplo,,,,,,,,,,,,,,,,,,,,,,,
,11,1,1760,,indel,c.1760_1792del33,p.Arg587_Leu598delinsIle,,haplo/dk,,yes,,,,,,,,,,,,,,,,,,,,,
,11,1,1792,,frameshift,c.1792delC,p.Leu598Serfs*52,,haplo,,,,,,,,,,,,,,,,,,,,,,,
,11,1,1797,,missense,c.1797C>G,p.Cys599Trp,,dk,,,,,,,,,,,,,,,,,,,,,,,
,11,1,1802,,missense,c.1802C>A,p.Ala601Glu,,dk,pathogenic,,,,,,,,,,,,,,,,,,,,,,
,11,1,1847,,missense,c.1847A>G,p.Asp616Gly,,dk,,yes,,,,,,,,,,,,,,,,,,,,,
,11,4,1861,,nonsense,c.1861C>T,p.R621X,,haplo,,yes,,Patient,F,Rarebase,RB-FM37-PT3,Control - Sibling,F,Rarebase,RB-FM37-PT4,,,,,,,,,,,,
,11,1,1889,,missense,c.1889T>A,p.Ile630Asn,,dk,,,,,,,,,,,,,,,,,,,,,,,
,11,1,1898,,missense,c.1898T>C,p.Leu633Pro,,dk,pathogenic,,,,,,,,,,,,,,,,,,,,,,
,intron 11/12,1,1913,,intronic,c.1913+2T>G,,mosaic (1/1),haplo,,diff,,,,,,,,,,,,,,,,,,,,,
,intron 11/12,1,1913,,intronic,c.1913+1G>A,,,haplo,,diff,,,,,,,,,,,,,,,,,,,,,
,12,1,1935,,frameshift,c.1935dupT,p.Leu646Serfs*6,,haplo,,,,,,,,,,,,,,,,,,,,,,,
,12,1,1946,,missense,c.1946T>G,p.Met649Arg,,dk,,,,,,,,,,,,,,,,,,,,,,,
,12,1,1958,,missense,c.1958T>C,p.Leu653Pro,,dk,,,,,,,,,,,,,,,,,,,,,,,
,12,1,1988,,missense,c.1988T>C,p.Phe663Ser,mosaic (1/1),dk,,,,,,,,,,,,,,,,,,,,,,,
,12,1,2003,,missense VUS,c.2003C>T,p.Ser668Phe,,dk,pathogenic,,,,,,,,,,,,,,,,,,,,,,
,13,3,2059,,nonsense,c.2059C>T,p.R687X,,haplo,,yes (3/3 +1),,Patient,M,hPSCreg,SDQLCHi044-A,,,,,,,,,,,,,,,,
,13,1,2104,,nonsense,c.2104C>T,p.Gln702*,,haplo,,,,,,,,,,,,,,,,,,,,,,,
"check other genes, test, pheno",13,1,2115,,synonomous,c.2115G>A,p.Lys705=,,dk,,,,,,,,,,,,,,,,,,,,,,,
,13,2,2152,,frameshift,c.2152delC,p.Leu718Serfs*8,,haplo,,,,,,,,,,,,,,,,,,,,,,,
,13,1,2197,,nonsense,c.2197C>T,p.Gln733*,,haplo,,,,,,,,,,,,,,,,,,,,,,,
,13,1,2266,,nonsense,c.2266C>T,p.Gln756*,,haplo,,yes,,,,,,,,,,,,,,,,,,,,,
,14,1,2293,,frameshift,c.2293delA,p.Ser765Alafs*44,,haplo,,,,,,,,,,,,,,,,,,,,,,,
,14,1,2305,,missense VUS,c.2305C>G,p.Leu769Val,,dk,,,,,,,,,,,,,,,,,,,,,,,
,15,1,2350,,frameshift,c.2350_2354dup,p.Pro787Alafs*24,,haplo,,,,,,,,,,,,,,,,,,,,,,,
,15,1,2354,,frameshift,c.2354dupG,p.Leu786Profs*18,,haplo,,,,,,,,,,,,,,,,,,,,,,,
,15,3,2438,,frameshift,c.2438delT,p.Leu813Argfs*23,,haplo,,yes,,,,,,,,,,,,,,,,,,,,,
,15,1,2450,,nonsense,c.2450C>G,p.Ser817*,,haplo,,,,,,,,,,,,,,,,,,,,,,,
,15,1,2494,,nonsense,c.2494C>T,p.Gln832*,,haplo,,,,,,,,,,,,,,,,,,,,,,,
,15,1,2516,,frameshift,c.2516dup,p.Ser840Glufs*10,,haplo,,,,,,,,,,,,,,,,,,,,,,,
,15,1,2523,,frameshift,c.2523_2524del,p.Ser842Hisfs*7,,haplo,,,,,,,,,,,,,,,,,,,,,,,
,15,1,2561,,frameshift,c.2561_2577del,p.Leu840fs,,haplo,,,,,,,,,,,,,,,,,,,,,,,
,15,1,2591,,frameshift,c.2591_2592del,p.Ala864Glyfs*73,,haplo,,,,,,,,,,,,,,,,,,,,,,,
,15,1,2693,,missense VUS,c.2693C>G,p.Ser898Cys,,dk,,,,,,,,,,,,,,,,,,,,,,,
,15,1,2701,,frameshift,c.2701dup,p.Ala901Glyfs*37,,haplo,,,,Patient,?,Simons SFARI,SFARI Base,,,,,,,,,,,,,,,,
,15,1,2755,,nonsense,c.2755C>T,p.Gln919*,,haplo,,,,,,,,,,,,,,,,,,,,,,,
,15,1,2774,,frameshift,c.2774del,p.Leu925Profs*152,,haplo,,,,,,,,,,,,,,,,,,,,,,,
,15,1,2776,,frameshift,c.2776_2777del,p.Ser926Leufs*11,,haplo,,yes,,,,,,,,,,,,,,,,,,,,,
,15,1,2843,,frameshift,c.2843del,p.Gly948Alafs*129,,haplo,,,,,,,,,,,,,,,,,,,,,,,
,15,3,2899,,nonsense,c.2899C>T,p.Arg967*,,haplo,,,,,,,,,,,,,,,,,,,,,,,
,15,1,2916,,frameshift,c.2916delT,p.Asp974Thrfs*103,,haplo,,,,,,,,,,,,,,,,,,,,,,,
Coba lab/not citizen,15,0,2929,,frameshift,c.2929Del,p.Ala977Profs*100,,haplo,,,,Patient,F,Coba Lab,MPC-ZNI-011,,,,,,,,,,,,,,,,
,15,1,2946,,nonsense,c.2946T>A,p.Tyr982*,,haplo,,,,,,,,,,,,,,,,,,,,,,,
,15,1,2955,,frameshift,c.2955_2958del,p.Ser985Argfs*91,,haplo,,,,,,,,,,,,,,,,,,,,,,,
,15,1,2970,,frameshift,c.2970del,p.Val992Serfs*85,,haplo,,,,,,,,,,,,,,,,,,,,,,,
,15,1,3124,,nonsense,c.3124C>T,p.Gln1042*,,haplo,,,,,,,,,,,,,,,,,,,,,,,
,15,1,3167,,frameshift,c.3167_3188dup,p.Pro1065Argfs*95,,haplo,,,,,,,,,,,,,,,,,,,,,,,
,15,1,3179,,frameshift,c.3179dup,p.Gly1061Trpfs*92,,haplo,,,,,,,,,,,,,,,,,,,,,,,
,15,1,3186,,frameshift,c.3186_3199del14insAGG,p.Gln1064Ilefs*85,,haplo,,,,,,,,,,,,,,,,,,,,,,,
,15,1,3190,,nonsense,c.3190C>T,p.Gln1064*,,haplo,,,,,,,,,,,,,,,,,,,,,,,
,15,1,3227,,frameshift,c.3227delT,p.Leu1076*,,haplo,,yes,,Patient,M,Coba Lab,MPC-ZNI-004,,,,,,,,,,,,,,,,
,15,3,3233,,frameshift,c.3233_3236delTCAG,p.Val1078Alafs*51,,haplo,,yes,,,,,,,,,,,,,,,,,,,,,
,15,1,3273,,frameshift,c.3273_3274del,p.Leu1092Alafs*60,,haplo,,,,,,,,,,,,,,,,,,,,,,,
,15,2,3277,,nonsense,c.3277C>T,p.Gln1093*,,haplo,,,,,,,,,,,,,,,,,,,,,,,
,15,1,3295,,frameshift,c.3295delT,p.Tyr1099Metfs*,,haplo,,,,,,,,,,,,,,,,,,,,,,,
,15,1,3303,,frameshift,c.3303del,p.Ala1102Profs*28,,haplo,,,,,,,,,,,,,,,,,,,,,,,
,15,1,3316,,nonsense,c.3316C>T,p.Gln1106*,,haplo,,,,,,,,,,,,,,,,,,,,,,,
,15,1,3345,,missense VUS,c.3345_3353dupTGGGGGCAG,p.Ser1121_Gly1123dup,,dk,,,,,,,,,,,,,,,,,,,,,,,
,15,1,3370,,nonsense,c.3370G>T,p.Gly1124*,,haplo,,,,,,,,,,,,,,,,,,,,,,,
,15,1,3380,,missense VUS,c.3380G>C,p.Gly1127Ala,,dk,,,,,,,,,,,,,,,,,,,,,,,
,15,1,3384,,frameshift,c.3384dup,p.Leu1129Alafs*24,,haplo,,,,,,,,,,,,,,,,,,,,,,,
,16,1,3416,,frameshift,c.3416dupA,p.Thr1140Aspfs*13,,haplo,,,,,,,,,,,,,,,,,,,,,,,
,16,1,3452,,nonsense,c.3452_3453del,p.Ser1151*,,haplo,,,,,,,,,,,,,,,,,,,,,,,
,16,1,3534,,nonsense,c.3534C>A,p.Tyr1178*,,haplo,,yes,,,,,,,,,,,,,,,,,,,,,
,16,1,3553,,nonsense,c.3553A>T,p.K1185X,,haplo,,yes,,Patient,M,Rarebase,RB-FM40-PT3,Control - Sibling,M,Rarebase,RB-FM40-PT4,Patient,?,Simons SFARI,SFARI Base,Patient,M,Prosser Lab,SYNGAP1 Line 3,,,,
,intron 16/17,5,3583,,intronic,c.3583-9G>A,p.V1195Afs*27,mosaic (1/1),haplo,,yes,JAX Huganir,Patient,M,Rarebase,RB-FM38-PT3,Control - Sibling,M,Rarebase,RB-FM38-PT4,Patient,M,Coba Lab,MPC-ZNI-003,MPC-ZNI-010,MPC-ZNI-013,MPC-ZNI-014,,,,,
,17,1,3642,,frameshift,c.3642delG,p.Lys1215Serfs*20,,haplo,,,,,,,,,,,,,,,,,,,,,,,
,17,1,3653,,missense,c.3653A>T,p.Glu1218Val,,dk,,,,,,,,,,,,,,,,,,,,,,,
,17,1,3665,,frameshift,c.3665_3669dupGGCTG,p.Leu1224Glyfs*13,,haplo,,yes,,,,,,,,,,,,,,,,,,,,,
,17,1,3706,,nonsense,c.3706C>T,p.Gln1236*,,haplo,,,,,,,,,,,,,,,,,,,,,,,
,17,8,3718,,nonsense,c.3718C>T,p.R1240X,mosaic (1/8),haplo,,yes,,Patient,M,Simons SFARI,SFARI Base,Patient,F,Coriell,GM27957,Patient,F,Prosser Lab,SYNGAP1 Line 1,Isogenic Control,F,Prosser Lab,SYNGAP1 Line 2,,,,
,intron 17/18,1,3795,,intronic,c.3795-1G>C,,,haplo,,,,,,,,,,,,,,,,,,,,,,,
,19,1,4006,,missense VUS,c.4006G>A,p.Glu1336Lys,,dk,,,,,,,,,,,,,,,,,,,,,,,